{
    "SF_V1": 21.9711447790281,
    "SF_V2": 20.900738618776817,
    "SF_V3": 11.870001560995915,
    "MF24_V1": 24.956219349086044,
    "MF24_V2": 23.29266004415011,
    "MF24_V3": 15.360045146726863,
    "MF5P_V1": 26.596362190637112,
    "MF5P_V2": 23.416439505137344,
    "MF5P_V3": 15.315620302925193,
    "MH_V1": 22.022222222222222,
    "MH_V2": 21.441646327934325,
    "MH_V3": 14.853036805826505
}