{
    "(19, 1)": 0.012798008,
    "(12, 2)": 0.009714406,
    "(13, 2)": 0.010772327,
    "(19, 2)": 0.013683783,
    "(20, 2)": 0.014466388,
    "(12, 3)": 0.010746066,
    "(13, 3)": 0.012842609,
    "(19, 3)": 0.017416618,
    "(20, 3)": 0.017438498,
    "(10, 4)": 0.010191791,
    "(11, 4)": 0.012880043,
    "(12, 4)": 0.014232534,
    "(13, 4)": 0.012792335,
    "(14, 4)": 0.011354615,
    "(15, 4)": 0.015415581,
    "(16, 4)": 0.015030344,
    "(17, 4)": 0.015182029,
    "(18, 4)": 0.014450518,
    "(19, 4)": 0.016932203,
    "(20, 4)": 0.015095663,
    "(6, 5)": 0.014055805,
    "(7, 5)": 0.014055805,
    "(8, 5)": 0.013932236,
    "(9, 5)": 0.012477612,
    "(10, 5)": 0.010838459,
    "(11, 5)": 0.013812877,
    "(12, 5)": 0.018061046,
    "(13, 5)": 0.013501054,
    "(14, 5)": 0.016729424,
    "(15, 5)": 0.018051499,
    "(16, 5)": 0.016531615,
    "(17, 5)": 0.016531028,
    "(18, 5)": 0.017008801,
    "(19, 5)": 0.015960298,
    "(20, 5)": 0.015840759,
    "(4, 6)": 0.010577472,
    "(5, 6)": 0.011534444,
    "(6, 6)": 0.012497665,
    "(7, 6)": 0.012651679,
    "(8, 6)": 0.015111715,
    "(9, 6)": 0.013942227,
    "(10, 6)": 0.015073972,
    "(11, 6)": 0.015847504,
    "(12, 6)": 0.017606616,
    "(13, 6)": 0.011722097,
    "(14, 6)": 0.01846423,
    "(15, 6)": 0.018755624,
    "(16, 6)": 0.018435044,
    "(17, 6)": 0.017608532,
    "(18, 6)": 0.013460394,
    "(19, 6)": 0.015610373,
    "(20, 6)": 0.014805839,
    "(21, 6)": 0.01438618,
    "(3, 7)": 0.010612218,
    "(4, 7)": 0.012389611,
    "(5, 7)": 0.012817509,
    "(6, 7)": 0.013014701,
    "(7, 7)": 0.015952997,
    "(8, 7)": 0.012647965,
    "(9, 7)": 0.012736418,
    "(10, 7)": 0.012097453,
    "(11, 7)": 0.014929953,
    "(12, 7)": 0.020111816,
    "(13, 7)": 0.017320395,
    "(14, 7)": 0.018266596,
    "(15, 7)": 0.016790729,
    "(16, 7)": 0.016889131,
    "(17, 7)": 0.016153605,
    "(18, 7)": 0.01552644,
    "(19, 7)": 0.016147726,
    "(20, 7)": 0.01433195,
    "(21, 7)": 0.014062081,
    "(22, 7)": 0.013173535,
    "(3, 8)": 0.010375977,
    "(4, 8)": 0.012409523,
    "(5, 8)": 0.013712321,
    "(6, 8)": 0.013648412,
    "(7, 8)": 0.014761345,
    "(8, 8)": 0.011374538,
    "(9, 8)": 0.011250778,
    "(10, 8)": 0.013948015,
    "(11, 8)": 0.01623698,
    "(12, 8)": 0.016428327,
    "(13, 8)": 0.016197422,
    "(14, 8)": 0.01691818,
    "(15, 8)": 0.017571975,
    "(16, 8)": 0.019624681,
    "(17, 8)": 0.016212333,
    "(18, 8)": 0.016928714,
    "(19, 8)": 0.018794908,
    "(20, 8)": 0.015529184,
    "(21, 8)": 0.014483866,
    "(22, 8)": 0.012616783,
    "(2, 9)": 0.014545698,
    "(3, 9)": 0.013299644,
    "(4, 9)": 0.012878228,
    "(5, 9)": 0.016871325,
    "(6, 9)": 0.01692194,
    "(7, 9)": 0.015776877,
    "(8, 9)": 0.01338984,
    "(9, 9)": 0.010621887,
    "(10, 9)": 0.009744782,
    "(11, 9)": 0.014146722,
    "(12, 9)": 0.0177251,
    "(13, 9)": 0.017287589,
    "(14, 9)": 0.014353795,
    "(15, 9)": 0.016458297,
    "(16, 9)": 0.015708337,
    "(17, 9)": 0.016251294,
    "(18, 9)": 0.014660148,
    "(19, 9)": 0.017369563,
    "(20, 9)": 0.017500686,
    "(21, 9)": 0.011584844,
    "(22, 9)": 0.01525836,
    "(2, 10)": 0.015857705,
    "(3, 10)": 0.017016401,
    "(4, 10)": 0.012450516,
    "(5, 10)": 0.011404425,
    "(6, 10)": 0.010185487,
    "(7, 10)": 0.011245745,
    "(8, 10)": 0.01087764,
    "(9, 10)": 0.008969509,
    "(10, 10)": 0.010183381,
    "(11, 10)": 0.015118931,
    "(12, 10)": 0.017046346,
    "(13, 10)": 0.014360454,
    "(14, 10)": 0.014597445,
    "(15, 10)": 0.01672257,
    "(16, 10)": 0.016482853,
    "(17, 10)": 0.014172239,
    "(18, 10)": 0.014506643,
    "(19, 10)": 0.014967087,
    "(20, 10)": 0.017581995,
    "(21, 10)": 0.015718398,
    "(22, 10)": 0.013695603,
    "(23, 10)": 0.012750879,
    "(24, 10)": 0.014616415,
    "(2, 11)": 0.019146103,
    "(3, 11)": 0.017383376,
    "(4, 11)": 0.013986259,
    "(5, 11)": 0.013200672,
    "(6, 11)": 0.013340221,
    "(7, 11)": 0.012798,
    "(8, 11)": 0.012487888,
    "(9, 11)": 0.014062617,
    "(10, 11)": 0.014115331,
    "(11, 11)": 0.017891951,
    "(12, 11)": 0.017743751,
    "(13, 11)": 0.016028296,
    "(14, 11)": 0.016881602,
    "(15, 11)": 0.014664448,
    "(16, 11)": 0.013488539,
    "(17, 11)": 0.012562866,
    "(18, 11)": 0.013315567,
    "(19, 11)": 0.013419826,
    "(20, 11)": 0.016484462,
    "(21, 11)": 0.014971743,
    "(22, 11)": 0.015394469,
    "(23, 11)": 0.013972697,
    "(24, 11)": 0.013394559,
    "(2, 12)": 0.016066525,
    "(3, 12)": 0.013660958,
    "(4, 12)": 0.01360906,
    "(5, 12)": 0.014321208,
    "(6, 12)": 0.010226124,
    "(7, 12)": 0.011829184,
    "(8, 12)": 0.011572537,
    "(9, 12)": 0.017070811,
    "(10, 12)": 0.01125127,
    "(11, 12)": 0.013855878,
    "(12, 12)": 0.016573878,
    "(13, 12)": 0.016048578,
    "(14, 12)": 0.013934029,
    "(15, 12)": 0.010746686,
    "(16, 12)": 0.014822715,
    "(17, 12)": 0.013496679,
    "(18, 12)": 0.015185732,
    "(19, 12)": 0.017005881,
    "(21, 12)": 0.014020524,
    "(22, 12)": 0.014578681,
    "(23, 12)": 0.012815122,
    "(24, 12)": 0.014966914,
    "(25, 12)": 0.016406163,
    "(2, 13)": 0.017639232,
    "(3, 13)": 0.012737207,
    "(4, 13)": 0.012883088,
    "(5, 13)": 0.014258065,
    "(6, 13)": 0.013004783,
    "(7, 13)": 0.013807017,
    "(8, 13)": 0.012592449,
    "(9, 13)": 0.014399615,
    "(10, 13)": 0.015878718,
    "(11, 13)": 0.01415944,
    "(12, 13)": 0.014654633,
    "(13, 13)": 0.014885605,
    "(14, 13)": 0.014710189,
    "(15, 13)": 0.015075097,
    "(16, 13)": 0.01780314,
    "(17, 13)": 0.016995434,
    "(18, 13)": 0.014725583,
    "(19, 13)": 0.012447124,
    "(24, 13)": 0.015804799,
    "(25, 13)": 0.015894469,
    "(2, 14)": 0.016388342,
    "(3, 14)": 0.011205567,
    "(4, 14)": 0.012360749,
    "(5, 14)": 0.014264639,
    "(6, 14)": 0.014268889,
    "(7, 14)": 0.015267668,
    "(8, 14)": 0.015585006,
    "(9, 14)": 0.014675783,
    "(10, 14)": 0.016997642,
    "(11, 14)": 0.015757633,
    "(12, 14)": 0.017851773,
    "(13, 14)": 0.016303018,
    "(14, 14)": 0.015447492,
    "(15, 14)": 0.016962405,
    "(16, 14)": 0.013421056,
    "(17, 14)": 0.016632543,
    "(24, 14)": 0.016868654,
    "(14, 15)": 0.015713211
}