{
    "SF_V1": 1963.125269797364,
    "SF_V2": 1801.4228880783166,
    "SF_V3": 2416.5782709368577,
    "MF24_V1": 1100.3374944271065,
    "MF24_V2": 978.3450883002207,
    "MF24_V3": 1067.3318284424379,
    "MF5P_V1": 890.6802504721201,
    "MF5P_V2": 849.3905430907947,
    "MF5P_V3": 957.2434038617181,
    "MH_V1": 2667.8777777777777,
    "MH_V2": 1106.2878855114266,
    "MH_V3": 1311.8851172670916
}