{
    "SF_V1": 2.1043356174430543,
    "SF_V2": 2.1194292546444373,
    "SF_V3": 2.197056221869553,
    "MF24_V1": 1.6681230494872938,
    "MF24_V2": 1.61219646799117,
    "MF24_V3": 1.5681715575620767,
    "MF5P_V1": 1.4560182884405128,
    "MF5P_V2": 1.422494233591948,
    "MF5P_V3": 1.4088102670828997,
    "MH_V1": 1.6,
    "MH_V2": 1.7274240071000666,
    "MH_V3": 1.8386873022066155
}